NumConns;Average - Time Median;Average - Time2 Median
3;192.882080933333;250.101455466667
5;190.1943382;215.403203
10;213.243194533333;272.4567618
15;237.314415;231.900059666667
20;248.582371533333;246.1161798
